{
    "andhra pradesh": [
        "ananthapur",
        "chittoor",
        "madanapalle",
        "kadapa",
        "ananthapur",
        "hindupur",
        "dharmavaram",
        "anantapur",
        "kurnool",
        "kurnool",
        "prakasam",
        "prakasam",
        "chittoor",
        "west godavari",
        "west godavari",
        "palakol",
        "vizianagaram",
        "krishna",
        "krishna",
        "nellore",
        "guntur",
        "guntur",
        "machilipatnam",
        "avanigadda",
        "nellore",
        "warangal",
        "kovvur",
        "tadepalligudem",
        "east godavari",
        "bapatla",
        "karim nagar",
        "amlapuram",
        "visakhapatnam",
        "visakhapatnam",
        "east godavari",
        "yanam",
        "srikakulam",
        "bhadrachalam",
        "srikalahasti",
        "bhongir"
    ],
    "assam": [
        "karimganj",
        "hailakandi",
        "cachar",
        "dima hasso - north cachar hill",
        "karbi anglong",
        "udalguri",
        "sonitpur",
        "darrang",
        "bongaigaon",
        "kokrajhar",
        "goalpara",
        "dhubri",
        "dhubri",
        "kamrup",
        "kamrup metropolitan",
        "baksa",
        "nalbari",
        "barpeta",
        "barpeta",
        "lakhimpur",
        "dibrugarh",
        "dhemaji",
        "sonapur",
        "marigaon",
        "nagaon",
        "sibsagar",
        "golaghat",
        "jorhat",
        "tinsukia"
    ],
    "bihar": [
        "gaya",
        "aurangabad",
        "arwal",
        "auranagabad",
        "bhojpur",
        "buxar",
        "jehanabad",
        "kaimur bhabua",
        "patna",
        "jamui",
        "patna",
        "east champaran",
        "purnia",
        "rohtas",
        "vaishali",
        "samastipur",
        "begusarai",
        "khagaria",
        "khagaria",
        "katihar",
        "bhagalpur",
        "banka",
        "deoghar",
        "kishanganj",
        "lakhisarai",
        "munger",
        "sheikhpura",
        "nalanda",
        "nalanda",
        "nawada",
        "sheikhpura",
        "sheohar",
        "madhepura",
        "supaul",
        "saharsa",
        "darbhanga",
        "muzaffarpur",
        "sitamarhi",
        "madhubani",
        "nan",
        "west champaran",
        "araria",
        "saran",
        "gopalganj",
        "siwan"
    ],
    "chattisgarh": [
        "bilaspurcgh",
        "janjgirchampa",
        "korba",
        "mungeli",
        "janjgir-champa",
        "durg",
        "rajnandgaon",
        "balod",
        "bemetara",
        "kawardha",
        "raigarh",
        "surguja",
        "jaspur",
        "balrampur",
        "koriya",
        "surajpur",
        "gariaband",
        "mahasamund",
        "dhamtari",
        "raipur",
        "balod bazer",
        "kanker",
        "jagdalpur",
        "bastar",
        "dantewada",
        "bijapur(cgh)",
        "dantewada",
        "bilaspur",
        "narayanpur",
        "sukma",
        "raigarh",
        "bastar",
        "makdi",
        "kondagaon",
        "bijapur(cgh)"
    ],
    "delhi": [
        "east delhi",
        "shahdara",
        "north east delhi",
        "new delhi",
        "north delhi",
        "north west delhi",
        "central delhi",
        "south delhi",
        "new delhi",
        "south west delhi",
        "west delhi"
    ],
    "gujarat": [
        "ahmedabad",
        "gandhi nagar",
        "ahmedabad city",
        "banaskantha",
        "bharuch",
        "nan",
        "botab",
        "mahesana",
        "gandhinagar",
        "patan",
        "sabarkantha",
        "aravalli",
        "amreli",
        "anand",
        "bhavnagar",
        "rajkot",
        "jamnagar",
        "devbhoomi dwerka",
        "morbi",
        "gir somnath",
        "junagadh",
        "junagadh",
        "diu",
        "kachchh",
        "porbandar",
        "porbandar",
        "morbi",
        "surendra nagar",
        "kheda",
        "mahisagar",
        "surat",
        "tapi",
        "dangs",
        "narmada",
        "navsari",
        "dahod",
        "panch mahals",
        "surat",
        "vadodara",
        "chhotaudepur",
        "chhota udepur",
        "valsad",
        "dadra  nagar haveli",
        "daman"
    ],
    "haryana": [
        "ambala",
        "yamunanagar",
        "panchkula",
        "ambala",
        "ambala city",
        "bhiwani",
        "bhiwani",
        "faridabad",
        "palwal",
        "mewat",
        "rewari",
        "gurgaon",
        "mahendragarh",
        "fatehabad",
        "sirsa",
        "hisar",
        "karnal",
        "panipat",
        "jind",
        "panipat",
        "jind",
        "kurukshetra",
        "kaithal",
        "kaithal",
        "kurukshetra",
        "jhajjar",
        "rohtak",
        "sonipat"
    ],
    "himachal pradesh": [
        "chamba",
        "kangra",
        "hamirpurhp",
        "nan",
        "bilaspur hp",
        "hamirpur(hp)",
        "bilaspur (hp)",
        "mandi",
        "kullu",
        "lahul  spiti",
        "kinnaur",
        "shimla",
        "sirmaur",
        "solan",
        "una"
    ],
    "jammu kashmir": [
        "bandipur",
        "bandipur",
        "kupwara",
        "baramulla",
        "baramulla",
        "kupwara",
        "kulgam",
        "samba",
        "jammu",
        "kathua",
        "poonch",
        "kargil",
        "rajauri",
        "pulwama",
        "budgam",
        "srinagar",
        "ananthnag",
        "ganderbal",
        "shopian",
        "reasi",
        "doda",
        "ramban",
        "udhampur",
        "kargil",
        "leh"
    ],
    "jharkhand": [
        "dhanbad",
        "bokaro",
        "dhanbad",
        "giridh",
        "hazaribag",
        "chatra",
        "chatra",
        "ramgarh",
        "ramgarh",
        "koderma",
        "koderma",
        "hazaribagh",
        "palamau",
        "gumla",
        "latehar",
        "garhwa",
        "pakur",
        "ranchi",
        "simdega",
        "lohardaga",
        "khunti",
        "lohardaga",
        "khunti",
        "gumla",
        "simdega",
        "west singhbhum",
        "godda",
        "jamtara",
        "sahibganj",
        "deoghar",
        "dumka",
        "seraikelakharsawan",
        "east singhbhum",
        "shopian"
    ],
    "karnataka": [
        "bengaluru",
        "bangalore",
        "bengaluru rural",
        "bengaluru",
        "ramanagar",
        "ramdurg",
        "ramanagara",
        "bagalkot",
        "bellary",
        "davangere",
        "ballari",
        "belagavi",
        "bidar",
        "bidar",
        "belgaum",
        "hubballi",
        "dharwad",
        "madikeri",
        "arsikere",
        "kundgol",
        "kalghatgi",
        "gadag",
        "koppal",
        "koppal",
        "dharwad",
        "haveri",
        "haveri",
        "kalaburagi",
        "yadgir",
        "gulbarga",
        "uttara kannada",
        "raichur",
        "uttara kannada",
        "siddapur",
        "joida",
        "bijapur(kar)",
        "bijapur",
        "chickmagalur",
        "chikkamagaluru",
        "chitradurga",
        "davangere",
        "hassan",
        "kodagu",
        "athani",
        "jamkhandi",
        "kollegal",
        "chikkaballapur",
        "kolar",
        "kodagu",
        "kolar",
        "mandya",
        "dakshina kannada",
        "udupi",
        "mysuru",
        "saraswathipuram",
        "hanagodu",
        "mysore",
        "hunsur",
        "chamrajnagar",
        "bailhongal",
        "nanjangud",
        "kollegal",
        "sagar",
        "chamarajanagar",
        "dakshina kannada",
        "udupi",
        "shivamogga",
        "shivamogga",
        "tumakuru"
    ],
    "kerala": [
        "kollam",
        "pathanamthitta",
        "alappuzha",
        "thiruvananthapuram",
        "thiruvananthapuram",
        "wayanad",
        "kozhikode",
        "malappuram",
        "kannur",
        "kasargod",
        "kasaragod",
        "palakkad",
        "thalassery",
        "malappurm",
        "mahe",
        "ernakulam",
        "kottayam",
        "idukki",
        "thrissur",
        "lakshadweep",
        "kochi",
        "lakshadweep",
        "pathanamthitta"
    ],
    "madhya pradesh": [
        "seoni",
        "balaghat",
        "seoni",
        "balaghat",
        "bhopal",
        "raisen",
        "chhatarpur",
        "tikamgarh",
        "panna",
        "chhindwara",
        "betul",
        "hoshangabad",
        "harda",
        "narsinghpur",
        "hoshangabad",
        "sehore",
        "satna",
        "rewa",
        "damoh",
        "sagar",
        "datia",
        "anuppur",
        "umaria",
        "shahdol",
        "sidhi",
        "singrauli",
        "vidisha",
        "ashok nagar",
        "shivpuri",
        "guna",
        "gwalior",
        "indore",
        "indore",
        "dewas",
        "dhar",
        "katni",
        "jabalpur",
        "khandwa",
        "khargone",
        "barwani",
        "burhanpur",
        "neemuch",
        "mandsaur",
        "neemuch",
        "bhind",
        "morena",
        "sheopur",
        "agar malwa",
        "ratlam",
        "jhabua",
        "alirajpur",
        "rajgarh",
        "ujjain",
        "shajapur",
        "mandla",
        "dindori"
    ],
    "maharashtra": [
        "jalna",
        "aurangabad",
        "beed",
        "jalgaon",
        "bhusawal",
        "dhule",
        "nandurbar",
        "jalgaon",
        "jalgoan",
        "nanded",
        "latur",
        "osmanabad",
        "hingoli",
        "parbhani",
        "south goa",
        "north goa",
        "kolhapur",
        "ratnagiri",
        "ratnagiri",
        "raigarh(mh)",
        "sangli",
        "miraj",
        "sindhudurg",
        "mumbai",
        "mumbai subueban",
        "akola",
        "washim",
        "amravati",
        "buldhana",
        "gadchiroli",
        "chandrapur",
        "gadchiroli",
        "chandrapur",
        "nagpur",
        "nagpur",
        "gondia",
        "bhandara",
        "wardha",
        "yavatmal",
        "malegaon",
        "nan",
        "nashik",
        "nashik",
        "thane",
        "palghar",
        "raigarh",
        "ahmed nagar",
        "solapur",
        "pune",
        "pune",
        "satara",
        "ahmed nagar",
        "shrirampur"
    ],
    "north eastern": [
        "imphal west",
        "churachandpur",
        "thoubal",
        "ukhrul",
        "tamenglong",
        "chandel",
        "imphal east",
        "bishnupur",
        "senapati",
        "nan",
        "tengnoupal",
        "imphal",
        "jiribam",
        "thanlon",
        "aizawl",
        "mammit",
        "lunglei",
        "kolasib",
        "lawngtlai",
        "champhai",
        "saiha",
        "serchhip",
        "aizawal",
        "mamit",
        "zunhebotto",
        "dimapur",
        "wokha",
        "phek",
        "zunheboto",
        "mokokchung",
        "kiphire",
        "tuensang",
        "mon",
        "kohima",
        "peren",
        "longleng",
        "south tripura",
        "west tripura",
        "gomati",
        "sepahijala",
        "agartala ",
        "gomti",
        "lower dibang valley",
        "east siang",
        "dibang valley",
        "west siang",
        "lohit",
        "papum pare",
        "tawang",
        "west kameng",
        "east kameng",
        "lower subansiri",
        "changlang",
        "tirap",
        "kurung kumey",
        "upper siang",
        "upper subansiri",
        "upper dibang valley",
        "lower subansiri",
        "papum pare",
        "changlang",
        "dhalai",
        "north tripura",
        "khowai",
        "dharmanagar",
        "west garo hills",
        "jaintia hills",
        "east khasi hills",
        "south garo hills",
        "east garo hills",
        "ri bhoi",
        "shillong",
        "west khasi hills",
        "tura",
        "west jaintia hills",
        "south west khasi hills",
        "east jaintia hills"
    ],
    "odisha": [
        "khorda",
        "baleswar",
        "balasore",
        "bhadrak",
        "kendujhar",
        "cuttack",
        "jajapur",
        "kendrapara",
        "jagatsinghapur",
        "cuttack",
        "mayurbhanj",
        "nabarangapur",
        "puri",
        "nayagarh",
        "ganjam",
        "kandhamal",
        "gajapati",
        "kalahandi",
        "nuapada",
        "koraput",
        "malkangiri",
        "rayagada",
        "boudh",
        "kandhamal",
        "balangir",
        "sonapur",
        "angul",
        "dhenkanal",
        "sambalpur",
        "bargarh",
        "jharsuguda",
        "debagarh",
        "sundergarh"
    ],
    "punjab": [
        "ropar",
        "chandighar",
        "mohali",
        "rupnagar",
        "moga",
        "ludhiana",
        "fatehgarh sahib",
        "patiala",
        "sangrur",
        "amritsar",
        "tarn taran",
        "bathinda",
        "mansa",
        "barnala",
        "muktsar",
        "faridkot",
        "fazilka",
        "firozpur",
        "ferozepur",
        "pathankot",
        "gurdaspur",
        "hoshiarpur",
        "jalandhar",
        "nawanshahr",
        "kapurthala"
    ],
    "rajasthan": [
        "alwar",
        "banswara",
        "bharatpur",
        "dholpur",
        "jaipur",
        "jaipur",
        "dausa",
        "sawai madhopur",
        "karauli",
        "kota",
        "ajmer",
        "bhilwara",
        "pratapghar",
        "chittorgarh",
        "pali",
        "dungarpur",
        "baran",
        "jhalawar",
        "bundi",
        "tonk",
        "rajsamand",
        "udaipur",
        "barmer",
        "bikaner",
        "churu",
        "jhujhunu",
        "jodhpur",
        "jaisalmer",
        "nagaur",
        "sikar",
        "sirohi",
        "jalor",
        "sri ganganagar",
        "hanumangarh",
        "sriganganagar"
    ],
    "tamil nadu": [
        "cuddalore",
        "villupuram",
        "nagapattinam",
        "perambalur",
        "dharmapuri",
        "karur",
        "tiruchirappalli",
        "tiruppur",
        "sivaganga",
        "pudukkottai",
        "dindigul",
        "tiruvarur",
        "thanjavur",
        "karaikal",
        "nagapattinam",
        "ariyalur",
        "salem",
        "ariyalur",
        "vellore",
        "chennai",
        "tiruvannamalai",
        "vellore",
        "kanchipuram",
        "kanchipuram",
        "chennai",
        "tiruvallur",
        "tiruvallur",
        "pondicherry",
        "kanyakumari",
        "ramanathapuram",
        "tuticorin",
        "tirunelveli",
        "tirunelveli",
        "virudhunagar",
        "madurai",
        "theni",
        "coimbatore",
        "krishnagiri",
        "erode",
        "namakkal",
        "salem",
        "namakkal",
        "nilgiris",
        "nilgiris"
    ],
    "telangana": [
        "hyderabad",
        "rangareddy",
        "rangareddy",
        "hyderabad",
        "ranga reddy",
        "siddipet",
        "medak",
        "karim nagar",
        "mancherial",
        "sangareddy",
        "zaheerabad",
        "khammam",
        "vikarabad",
        "trimulgherry",
        "nalgonda",
        "secunderabad",
        "k.v.rangareddy",
        "mancherial",
        "adilabad",
        "nirmal",
        "warangal",
        "warangal",
        "parkal",
        "hanamkonda",
        "jangaon",
        "jayashankar",
        "bhupalpalli",
        "sircilla",
        "jagtial",
        "peddapalli",
        "kothagudem",
        "kothagudem colls",
        "bhadrachalam",
        "mahabub nagar",
        "gadwal",
        "wanaparthy",
        "vikarabad",
        "mahabub nagar",
        "gadwal",
        "bhongir",
        "jangaon",
        "nizamabad",
        "kamareddy",
        "suryapet",
        "nagar kurnool",
        "stn. jadcherla",
        "mahabubabad",
        "warangal rural",
        "mahabubabad",
        "mahabuababad"
    ],
    "uttar pradesh": [
        "agra",
        "aligarh",
        "hathras",
        "aligarh",
        "bulandshahr",
        "allahabad",
        "gautam buddha nagar",
        "etah",
        "kanshiram nagar",
        "etawah",
        "auraiya",
        "jhansi",
        "jalaun",
        "lalitpur",
        "hapur",
        "firozabad",
        "mainpuri",
        "faizabad",
        "raebareli",
        "mathura",
        "kaushambi",
        "prayagraj allahabad",
        "kushinagar",
        "ghazipur",
        "varanasi",
        "sonbhadra",
        "mirzapur",
        "pratapgarh",
        "kanpur dehat",
        "sultanpur",
        "amethi",
        "pilibhit",
        "bareilly",
        "pilibhit",
        "bijnor",
        "budaun",
        "hardoi",
        "kheri",
        "meerut",
        "bagpat",
        "amroha",
        "sambhal",
        "rampur",
        "moradabad",
        "kanpur nagar",
        "muzaffarnagar",
        "saharanpur",
        "haridwar",
        "shahjahanpur",
        "shahjahanpur",
        "sant ravidas nagar",
        "azamgarh",
        "mau",
        "shrawasti",
        "bahraich",
        "siddharthnagar",
        "basti",
        "sant kabir nagar",
        "deoria",
        "gonda",
        "balrampur",
        "gorakhpur",
        "maharajganj",
        "mahrajganj",
        "gorakhpur",
        "maharajganj",
        "banda",
        "chitrakoot",
        "mahoba",
        "hamirpur",
        "kannauj",
        "farrukhabad",
        "fatehpur",
        "unnao",
        "barabanki",
        "ambedkar nagar",
        "ghaziabad",
        "lucknow",
        "lucknow",
        "sitapur",
        "ballia",
        "jaunpur",
        "chandauli",
        "varanasi"
    ],
    "uttarakhand": [
        "almora",
        "bageshwar",
        "chamoli",
        "rudraprayag",
        "haridwar",
        "dehradun",
        "nainital",
        "champawat",
        "udham singh nagar",
        "pauri garhwal",
        "pithoragarh",
        "tehri garhwal",
        "uttarkashi"
    ],
    "west bengal": [
        "east sikkim",
        "west sikkim",
        "south sikkim",
        "north sikkim",
        "south andaman",
        "north and middle andaman",
        "nicobar",
        "port blair",
        "north & middle andaman",
        "kolkata",
        "north 24 parganas",
        "birbhum",
        "kolkata",
        "south 24 parganas",
        "north 24 parganas",
        "murshidabad",
        "medinipur",
        "nadia",
        "cooch behar",
        "jalpaiguri",
        "darjiling",
        "east midnapore",
        "darjeeling",
        "kalimpong",
        "west midnapore",
        "south dinajpur",
        "north dinajpur",
        "malda",
        "bardhaman",
        "paschim bardhaman",
        "bankura",
        "bankura",
        "hooghly",
        "howrah",
        "puruliya"
    ]
}